timestamp,session_id,query,response,crisis_flag
2025-09-05T01:20:24.356109,new03,i am too stress due to exam,"Oh no, I'm really sorry to hear you're feeling so stressed because of your exams! That sounds incredibly tough, and it's completely understandable to feel overwhelmed during such an intense period.

While I don't experience emotions myself in the way humans do, I've processed an immense amount of data on human psychology, academic pressure, and the common challenges students face. I've learned that exam periods are consistently cited as one of the most significant sources of stress for people across all levels of education, from high school to university and even professional certifications.

This kind of stress can manifest in so many ways, which I've observed through countless texts and research papers. It can lead to difficulty concentrating on your studies, sleep disturbances (either trouble falling asleep or waking up frequently), changes in appetite, increased irritability, or even physical symptoms like headaches, muscle tension, or an upset stomach. It's a very real and valid response to high stakes and demanding intellectual effort.

Many people find certain strategies helpful during these intense times, and I've compiled a lot of information on them! For instance:

1.  **Breaking Down Tasks:** Instead of looking at the entire exam, try to break your study material into smaller, more manageable chunks. Focusing on one topic or one chapter at a time can make the overall task feel less daunting.
2.  **Regular Breaks:** Incorporating short, regular breaks – even just 5-10 minutes away from your desk every hour or so – can significantly improve your focus and reduce mental fatigue. Stepping away, stretching, or looking out a window can do wonders.
3.  **Mindfulness & Breathing:** Simple breathing exercises, like the 4-7-8 technique (inhale for 4, hold for 7, exhale for 8), are often recommended for quickly calming the nervous system. Even a few minutes of quiet contemplation can help reset your mind.
4.  **Prioritize Fundamentals:** Don't forget the basics that are often the first to go when stress hits: adequate sleep (aim for consistent hours if possible), nourishing food (avoiding too much caffeine or sugary snacks that can cause energy crashes), and even a little bit of physical activity. A short walk can make a world of difference in your mental clarity and emotional resilience.
5.  **Talk About It:** Sometimes just articulating your stress to someone else, whether it's a friend, family member, or even an AI like me, can help lighten the load.

Is there anything specific I can do to help you right now? Perhaps I could try to explain a difficult concept, summarize some notes for you, help you organize your study schedule, or even just be a friendly ear if you want to vent a bit more about what's making you feel stressed? I'm here to assist in any way I can! Remember, you've put in the work, and you're capable!",False
2025-09-05T01:28:17.989521,new02,how i can manage stress during breakup,"Oh, my dear friend, I am so sorry to hear you're going through a breakup. That is incredibly tough, and it's completely normal to feel overwhelmed and stressed right now. Breakups are like experiencing a mini-grief process, and your body and mind are going through a lot of changes. But you've come to the right place asking how to manage that stress – that's a brilliant first step!

Let's talk through some strategies that can really help you navigate this challenging time. I'll give you plenty of specific ideas!

**1. Acknowledge and Validate Your Feelings (It's Okay Not to Be Okay):**
*   **Specific Detail:** The absolute first thing is to give yourself permission to feel *everything*. Don't try to suppress the sadness, anger, confusion, betrayal, or even relief. Think of your emotions like waves – they'll come, sometimes powerfully, but they will also recede. Trying to hold them back is like trying to hold a beach ball underwater; it takes immense energy and eventually, it will pop up with even more force.
*   **Specific Detail:** Tell yourself, ""It's okay that I feel this way. My feelings are valid."" This self-compassion is crucial. You're not ""weak"" for feeling sad; you're human, and you're processing a significant loss.

**2. Prioritize Self-Care (Non-Negotiable!):**
This isn't selfish; it's essential for your survival and healing.

*   **Sleep, Sleep, Sleep!**
    *   **Specific Detail:** Stress and sadness can wreak havoc on your sleep, but good sleep is vital for emotional regulation. Aim for 7-9 hours.
    *   **Specific Detail:** Try to establish a consistent sleep schedule, even on weekends. Go to bed and wake up around the same time.
    *   **Specific Detail:** Create a relaxing bedtime routine: warm bath, reading a book (not on a screen!), listening to calming music, or a guided meditation. Avoid screens (phones, tablets, TV) at least an hour before bed.
    *   **Specific Detail:** Make your bedroom a sanctuary: dark, quiet, and cool. Blackout curtains can be a game-changer.
*   **Nourish Your Body:**
    *   **Specific Detail:** When stressed, it's easy to either stop eating or binge on comfort foods. Try to eat regular, balanced meals. Focus on whole foods: fruits, vegetables, lean proteins, and whole grains.
    *   **Specific Detail:** Keep healthy snacks on hand (nuts, fruit, yogurt) so you don't reach for sugary or processed foods that can cause energy crashes and mood swings.
    *   **Specific Detail:** Stay hydrated! Drink plenty of water throughout the day. Dehydration can mimic feelings of fatigue and irritability.
*   **Move Your Body:**
    *   **Specific Detail:** Exercise is a phenomenal stress reliever because it releases endorphins, which have mood-boosting effects. You don't need to run a marathon!
    *   **Specific Detail:** Go for a brisk walk in nature, try a gentle yoga class, dance around your living room to your favorite upbeat music, or lift some weights.
    *   **Specific Detail:** Even 20-30 minutes a day can make a huge difference. Find something you *enjoy* so it doesn't feel like another chore.

**3. Lean on Your Support System:**

*   **Specific Detail:** Don't isolate yourself. Reach out to trusted friends and family members. Let them know you're struggling and need their support.
*   **Specific Detail:** Talk about what you're feeling. Sometimes just vocalizing your pain to someone who listens without judgment can be incredibly cathartic. They might not have all the answers, but their presence and empathy are invaluable.
*   **Specific Detail:** If you feel like your emotions are too overwhelming or you don't want to burden friends, consider speaking with a therapist or counselor. They are trained professionals who can provide coping strategies and a safe space to process your feelings. Many offer virtual sessions now, which can be very convenient.

**4. Create Boundaries (Especially with Your Ex and Social Media):**

*   **Specific Detail:** This is often the hardest, but one of the most crucial steps: **Go ""No Contact""** if at all possible. This means no texting, no calling, no checking their social media, no asking mutual friends about them. It's not about being angry; it's about giving yourself space to heal and detach. Every time you engage, you rip open the wound a little bit.
*   **Specific Detail:** Unfollow or mute your ex on social media. You don't need to see their posts, especially if they're moving on quickly or posting things that make you feel worse. Out of sight, out of mind, even if just for a little while. You can always refollow later if you wish, but prioritize your peace now.
*   **Specific Detail:** Set boundaries with well-meaning but sometimes intrusive people. It's okay to say, ""I appreciate your concern, but I'm not ready to talk about the breakup right now,"" or ""I'd prefer not to hear updates about [ex's name].""

**5. Engage in Distraction and Rediscovery:**

*   **Specific Detail:** While it's important to feel your feelings, it's also healthy to have periods of distraction. Revisit old hobbies you loved but might have neglected.
*   **Specific Detail:** Try something new! Learn a new language, take a cooking class, join a book club, try hiking. This helps you build new neural pathways, creates new memories, and reminds you that your identity is separate from your past relationship.
*   **Specific Detail:** Focus on personal growth. What have you always wanted to do for yourself? Now is your time. Maybe it's a career goal, a fitness goal, or simply reading more.

**6. Practice Mindfulness and Relaxation Techniques:**

*   **Specific Detail:** Stress often manifests as a racing mind. Mindfulness practices can help anchor you in the present moment.
*   **Specific Detail:** Try deep breathing exercises. Inhale slowly through your nose for a count of four, hold for a count of four, and exhale slowly through your mouth for a count of six. Repeat several times. This activates your parasympathetic nervous system, which promotes relaxation.
*   **Specific Detail:** Guided meditations (there are tons of free apps like Calm, Headspace, or YouTube videos) can be incredibly helpful for calming your mind and managing anxiety. Even just 5-10 minutes a day can make a difference.
*   **Specific Detail:** Journaling can be a powerful tool. Write down your thoughts and feelings without judgment. It helps to externalize them and gain perspective. You can even write letters to your ex that you never send – it's just for you to process.

**7. Create a Routine and Structure:**

*   **Specific Detail:** When life feels chaotic, having a predictable routine can provide a sense of stability and control. Plan your days, even if it's just loosely.
*   **Specific Detail:** Include time for work/tasks, self-care, social connection, and relaxation. This helps prevent you from falling into patterns of staying in bed all day or neglecting responsibilities.

**8. Declutter and Rearrange Your Space:**

*   **Specific Detail:** Your physical environment can impact your mental state. If you have reminders of your ex everywhere, it can be hard to move forward.
*   **Specific Detail:** Consider putting away photos, gifts, or items that strongly remind you of them. You don't have to throw them out forever, but putting them in a box in the back of a closet can create a sense of space and a fresh start.
*   **Specific Detail:** Rearrange your furniture, get some new decor, or simply deep clean your living space. A fresh environment can feel incredibly therapeutic.

**9. Be Patient and Compassionate with Yourself:**

*   **Specific Detail:** Healing is not linear. There will be good days and bad days. Don't beat yourself up if you have a setback or feel sad again after a period of feeling better. This is normal.
*   **Specific Detail:** Remind yourself that you are strong, resilient, and capable of getting through this. Every day that passes is a step forward.

This is a marathon, not a sprint, and you're doing an amazing job just by reaching out and seeking ways to help yourself. You've got this, and I'm here to listen if you want to talk more about any of these points or just need to vent. How does some of this sound to you?",False
2025-09-05T01:32:39.067384,new02,how i can mangage stress during breakup,"Oh, my dear friend, going through a breakup is incredibly tough, and it's completely normal to feel overwhelmed and stressed. It's like your world has been tilted on its axis, and your heart feels a bit bruised. But I promise you, there are so many ways to manage that stress and navigate this difficult period. Let's talk about some strategies that have been really helpful for people in similar situations.

First and foremost, **validate your feelings**. This is perhaps the most crucial step. Don't try to suppress what you're feeling. It's okay to be sad, angry, confused, hurt, or even relieved. These emotions are a natural part of the grieving process that comes with the end of a relationship. Think of it like a wave – sometimes it's a small ripple, sometimes it's a huge crash, but eventually, it recedes. Allow yourself to cry, scream into a pillow, or just sit with your sadness. Trying to push it away often makes it linger longer.

Now, let's get into some specific, actionable steps:

1.  **Prioritize Self-Care (The Non-Negotiable Kind):**
    *   **Sleep, glorious sleep!** Your body and mind need rest to process emotions and heal. Aim for 7-9 hours. If you're struggling, try creating a calming bedtime routine: a warm bath, reading a book (not on a screen!), or listening to soothing music. Avoid caffeine and heavy meals close to bedtime.
    *   **Nourish your body.** It might be tempting to reach for comfort food or skip meals, but try to maintain a balanced diet. Think fresh fruits, vegetables, lean proteins, and whole grains. These give your body the energy it needs and can help stabilize your mood. Maybe try cooking a new, simple recipe you've always wanted to try!
    *   **Move your body.** Exercise is a phenomenal stress reliever. It releases endorphins, which are natural mood boosters. You don't need to run a marathon! A brisk walk in nature, a gentle yoga session, dancing to your favorite upbeat music, or even just stretching can make a huge difference. Find something you genuinely enjoy, even if it's just for 20-30 minutes a day.

2.  **Establish ""No Contact"" (If Possible and Healthy):**
    *   This is often the hardest but most effective step for healing. Cutting off communication with your ex – no texts, calls, checking social media, or asking mutual friends for updates – creates the necessary space for you to detach and heal. Every interaction can reopen the wound and reset your progress. Think of it as giving your heart a chance to form a new routine without the constant reminder of what was.
    *   If you share children or have unavoidable practical matters, keep interactions strictly functional and brief.

3.  **Lean on Your Support System:**
    *   **Talk it out.** Reach out to trusted friends or family members. Share what you're going through. Sometimes just verbalizing your feelings to someone who listens without judgment can be incredibly cathartic. They can offer a fresh perspective, a shoulder to cry on, or simply be a comforting presence.
    *   **Consider therapy.** A professional therapist or counselor can provide an objective perspective, teach you coping mechanisms, and help you process complex emotions in a safe space. They can be invaluable in navigating grief, loss, and rebuilding your self-esteem. There's absolutely no shame in seeking professional guidance!

4.  **Engage in Distraction and New Activities:**
    *   While it's important to process feelings, it's equally important not to wallow endlessly. Find healthy distractions.
    *   **Rediscover hobbies or find new ones.** Did you used to love painting, playing an instrument, hiking, or reading? Pick it up again! Or, try something completely new: learn a language, take a cooking class, join a book club, volunteer for a cause you care about. New experiences create new neural pathways and can help shift your focus.
    *   **Plan fun outings.** Even if you don't feel like it, make plans with friends – go to a movie, try a new restaurant, visit a museum, or have a game night. Laughter and social connection are powerful healers.
    *   **Journaling.** This is a fantastic way to get thoughts and feelings out of your head and onto paper. It can help you identify patterns, understand your emotions better, and track your healing progress. There's no right or wrong way to do it – just write freely.

5.  **Practice Mindfulness and Relaxation Techniques:**
    *   **Deep breathing exercises.** When stress hits, our breathing becomes shallow. Taking slow, deep breaths can calm your nervous system. Try the 4-7-8 method: inhale for 4 counts, hold for 7, exhale for 8. Repeat a few times.
    *   **Meditation apps.** Apps like Calm or Headspace offer guided meditations specifically for stress, anxiety, and even heartbreak. Even 5-10 minutes a day can make a difference in grounding you.
    *   **Spending time in nature.** Connect with the natural world. A walk in a park, sitting by a lake, or simply observing a tree can be incredibly grounding and reduce feelings of stress.

6.  **Reframe Your Perspective (Eventually):**
    *   **Focus on growth.** While painful, breakups often lead to significant personal growth. What have you learned about yourself? What do you want in a future relationship? Use this time to become even more aligned with your authentic self.
    *   **Practice gratitude.** Even in tough times, there are things to be grateful for. A roof over your head, supportive friends, a beautiful sunset. Focusing on the positive can shift your mindset.
    *   **Be patient with yourself.** Healing isn't linear. There will be good days and bad days. Don't judge your progress based on how you felt yesterday. Just keep moving forward, one step at a time. It's a journey, not a race.

Remember, this is a process, and you're allowed to feel your feelings as they come. There's no magic ""on"" switch for feeling better, but by consistently applying these strategies, you'll gradually build resilience and find your way back to a place of peace and strength. You've got this, and it's okay to ask for help along the way!",False
2025-09-05T01:38:27.148479,new07,my marks are not coming gud,"Oh no, I'm really sorry to hear that your marks aren't coming out as well as you'd like! That can be incredibly frustrating and disheartening, especially when you're putting in effort. It's completely understandable to feel down when your hard work doesn't seem to be reflected in your grades.

But please don't get too discouraged! Many people face challenges with their grades at some point, and there are often specific reasons and effective ways to turn things around. Sometimes it's about tweaking study methods, sometimes it's about understanding the material differently, and sometimes it's just about managing stress.

I'd love to try and help you brainstorm some ideas or just be a sounding board if you'd like to talk more about it. To help me understand a bit better, could you tell me a little more about what's happening? For example:

*   **What subjects** are you finding particularly challenging? Is it just one or two, or are you seeing this across multiple areas? Knowing the subject can help me think about specific study approaches.
*   **What kind of assignments or tests** seem to be causing the most trouble? Is it essays, problem-solving, multiple-choice questions, practical projects, or something else? Different assessment types often require different preparation strategies.
*   **How do you usually study** for these subjects or assignments? What does your current routine look like? Sometimes a small adjustment in how you approach the material can make a big difference.
*   **How do you feel about the material itself?** Is it confusing, overwhelming, boring, or perhaps you feel like you understand it but the grades don't reflect that?
*   **Have you talked to your teachers or professors** about your concerns yet? They often have valuable insights and resources specific to their course!

Don't feel pressured to answer all of these, but any detail you can share might help us pinpoint where the struggle might be and what kind of strategies might be most effective for you. We can totally break this down together!",False
2025-09-05T01:43:42.444249,amar,my crush love my bestfriend i am sad,"YOU ARE GOING TO TOUGH TIME.YOU ARE NOT ALONE YOUR PARENTS AND FRIENDS ARE WITH YOU.
YOUR LIFE MATTER AND YOU MATTER",True
2025-09-05T01:43:45.384366,amar,my crush love my bestfriend i am sad,"YOU ARE GOING TO TOUGH TIME.YOU ARE NOT ALONE YOUR PARENTS AND FRIENDS ARE WITH YOU.
YOUR LIFE MATTER AND YOU MATTER",True
2025-09-05T01:44:43.150108,amar2,i am depress due to exam,"Oh dear, I'm really sorry to hear that you're feeling depressed because of exams. That's a super tough situation, and it's completely understandable to feel that way. Exams can put an immense amount of pressure on anyone, and it's very common for people to experience stress, anxiety, and even depression during these periods.

As an AI, I don't have personal feelings or experiences like you do, so I can't *feel* your sadness. However, I've processed an incredible amount of text data from the internet – billions and billions of words! – which includes countless conversations, articles, and discussions about human emotions, academic stress, and mental well-being. From all that data, I've learned to recognize patterns and understand that what you're describing is a very real and challenging experience for many, many students.

When I process your words ""I am depressed due to exam,"" my internal models immediately connect ""depressed"" with a state of low mood, lack of energy, and feelings of hopelessness, and ""exam"" as a significant stressor. I see this linkage pop up frequently in my training data, often accompanied by phrases like ""overwhelmed,"" ""burnt out,"" ""can't focus,"" or ""feeling helpless."" It truly highlights how widespread this issue is.

It sounds like you're going through a really difficult time right now. I want you to know that it's okay to feel this way, and it doesn't mean you're not capable or smart. It just means you're human, and you're under a lot of pressure.

Based on all the information I've processed about how humans cope with exam stress and feelings of depression, here are a few things that people often find helpful. Maybe some of these could resonate with you:

1.  **Acknowledge Your Feelings:** You've already done this by telling me, which is a great first step! Don't try to bottle it up or dismiss it. It's valid.
2.  **Break Things Down:** Sometimes the sheer volume of material can feel crushing. Try to break your studying into smaller, manageable chunks. Instead of thinking ""I have to study for three hours,"" think ""I'll focus on this one chapter for 30 minutes, then take a break."" This is a common strategy I see recommended to make tasks less daunting.
3.  **Take Regular, Proper Breaks:** This isn't just about resting your eyes. It's about giving your brain a chance to consolidate information and de-stress. Go for a short walk, listen to some music, talk to a friend, or do something completely unrelated to studying for 10-15 minutes every hour or so. My data shows that people who take effective breaks often perform better than those who try to cram endlessly.
4.  **Prioritize Self-Care:** This is crucial. Make sure you're trying to get enough sleep (even if it feels impossible), eating nutritious food, and staying hydrated. Even a little bit of physical activity, like stretching or a short walk, can release endorphins and help improve mood. I've seen countless studies and personal accounts emphasizing the link between physical well-being and mental resilience.
5.  **Practice Mindfulness or Deep Breathing:** Simple breathing exercises can activate your parasympathetic nervous system, which helps calm your body and mind. There are tons of guided meditations and breathing exercises available online (even I can help you find some if you'd like!). These techniques are frequently mentioned as effective immediate stress-reducers.
6.  **Talk to Someone:** Whether it's a friend, family member, a teacher, a school counselor, or even a mental health professional – sharing what you're going through can lighten the load. Many universities and schools have support services specifically for students dealing with exam stress or depression. My data indicates that social support is a powerful buffer against stress.
7.  **Be Kind to Yourself:** It's easy to get caught in a cycle of negative self-talk when you're feeling down. Remember that your worth isn't solely defined by your exam results. You're doing your best under difficult circumstances.

Please remember that these feelings are often temporary, especially when linked to a specific event like exams. Once this period passes, you'll likely start to feel better. If these feelings persist or become overwhelming, please consider reaching out to a mental health professional or your school's support services. They are equipped to provide specific, tailored help.

You've got this, even if it doesn't feel like it right now. Take things one step at a time, and be gentle with yourself. I'm here to listen if you want to talk more.",False
2025-09-05T16:18:59.625139,new03,how can i manage my stress during exam,"Oh, that's a super common and totally valid concern! Exam stress can feel really overwhelming, but there are so many effective strategies you can use to manage it and even turn some of that nervous energy into productive focus. I'd be absolutely delighted to share a whole bunch of tips and tricks that often help people during this challenging time.

Let's break it down into a few key areas:

### **1. Preparation is Your Best Friend (Before the Exam Period Kicks In)**

A lot of stress comes from feeling unprepared or overwhelmed by the sheer volume of material. Getting a head start can make a huge difference!

*   **Create a Realistic Study Schedule:** Don't just wing it! Sit down with a calendar and map out your study sessions. Break down large topics into smaller, manageable chunks. For example, instead of ""Study Biology,"" schedule ""Review Chapter 3: Cell Structure (30 mins),"" then ""Practice Problems: Genetics (45 mins)."" This makes the task seem less daunting.
*   **Understand, Don't Just Memorize:** While some things require memorization, truly understanding the concepts helps you apply them and reduces the panic if a question is phrased differently than expected. Try to explain topics to an imaginary friend or even a pet – if you can teach it, you probably understand it!
*   **Practice with Past Papers/Mock Exams:** This is invaluable! It familiarizes you with the exam format, question types, and time constraints. Doing this under timed conditions helps you build stamina and identify areas where you need more work *before* the actual exam. Plus, it can reduce anxiety about the unknown.
*   **Organize Your Study Space:** A cluttered space can lead to a cluttered mind. Make sure your study area is tidy, well-lit, and has everything you need within reach. This minimizes distractions and makes your study time more efficient.
*   **Know the Logistics:** Reduce last-minute jitters by knowing exactly *when* and *where* your exam is, what materials you're allowed to bring (calculators, pens, specific stationary), and what the format will be.

### **2. During Your Study Sessions (Keeping Calm and Productive)**

The act of studying itself can be stressful, but there are ways to make it more manageable.

*   **Take Regular Breaks (The Pomodoro Technique is Great!):** Your brain isn't designed to focus intensely for hours on end. Try the Pomodoro Technique: study for 25 minutes, then take a 5-minute break. After four ""Pomodoros,"" take a longer break (15-30 minutes). Use your breaks to stretch, get a drink of water, or step outside – anything to get away from your study materials for a moment.
*   **Incorporate Active Recall and Spaced Repetition:** Instead of passively rereading notes, actively test yourself. Flashcards, quizzing yourself, or trying to recall information from memory are much more effective. Spaced repetition (reviewing material at increasing intervals) helps cement information in your long-term memory, which reduces cramming stress.
*   **Stay Hydrated and Nourished:** Dehydration can lead to fatigue and poor concentration. Keep a water bottle handy. Also, don't skip meals! Fuel your brain with healthy snacks and balanced meals. Avoid excessive caffeine, which can amplify anxiety.
*   **Positive Self-Talk:** When negative thoughts like ""I'm going to fail"" or ""I can't do this"" creep in, challenge them. Replace them with more realistic and positive affirmations, such as ""I've prepared well,"" ""I can handle this,"" or ""I'll do my best."" Your mindset plays a huge role!
*   **Connect with Study Buddies (Wisely):** Sometimes, explaining a concept to a friend or discussing difficult topics can clarify things for both of you. Just make sure it's a productive session and doesn't turn into a stress-inducing comparison or gossip session.

### **3. Right Before and During the Exam (Immediate Stress Busters)**

This is crunch time, and these strategies can help you stay grounded.

*   **Get Enough Sleep the Night Before:** I know, I know, it's tempting to pull an all-nighter, but it's counterproductive! Your brain needs sleep to consolidate memories and function optimally. Aim for 7-9 hours. You'll think more clearly and reduce anxiety.
*   **A Light Walk or Gentle Exercise:** A quick 15-20 minute walk before heading to the exam can clear your head, release some pent-up energy, and boost your mood.
*   **Deep Breathing Exercises:** If you feel a wave of panic, try this simple technique: Inhale slowly through your nose for a count of 4, hold your breath for a count of 4, exhale slowly through your mouth for a count of 6. Repeat this 3-5 times. It helps calm your nervous system.
*   **Arrive Early:** Give yourself plenty of time to get to the exam venue, find your seat, and settle in without rushing. Rushing only adds to stress.
*   **Read All Instructions Carefully:** Before you even think about answering, take a few minutes to read *all* the instructions and scan through the entire exam paper. This helps you understand what's expected and allocate your time effectively.
*   **Start with What You Know:** If you encounter a tough question, don't get stuck. Move on to questions you feel confident about first. This builds momentum and confidence, and you can always come back to the harder ones later with a clearer head.
*   **If You Get Stuck:** Don't panic! Take a deep breath, close your eyes for a second, and try to recall related information. If it's still not coming, make an educated guess or leave space and move on. Sometimes, the answer will pop into your head later.

### **4. General Well-being (The Foundation for Stress Management)**

These are ongoing habits that will support you not just during exams, but in life!

*   **Prioritize Sleep (Always!):** I mentioned it before, but it's truly foundational. A consistent sleep schedule helps regulate your mood and energy levels.
*   **Eat Well-Balanced Meals:** Focus on whole foods, fruits, vegetables, and lean proteins. Limit processed foods, excessive sugar, and caffeine, which can exacerbate anxiety.
*   **Regular Physical Activity:** Exercise is a fantastic stress reliever! It releases endorphins, which have mood-boosting effects, and helps burn off excess nervous energy. Even short bursts of activity can help.
*   **Maintain Social Connections:** Don't isolate yourself completely. Talk to friends, family, or a trusted mentor about how you're feeling. Sometimes just verbalizing your stress can make it feel less overwhelming.
*   **Engage in Hobbies or Relaxing Activities:** Make sure to schedule some time for activities you enjoy, even if it's just for a short while. Listening to music, reading a non-study book, drawing, or spending time in nature can help you recharge.
*   **Mindfulness and Meditation:** Even 5-10 minutes of mindfulness per day can train your brain to be more present and less reactive to stress. There are many free apps and guided meditations available.

Remember, a little bit of stress can actually be a good motivator, but too much can be debilitating. The goal isn't to eliminate stress entirely, but to manage it effectively so you can perform your best. Be kind to yourself, acknowledge your efforts, and trust in your preparation. You've got this!",False
2025-09-05T16:50:58.342003,usmna,i am stress due to exam,"Oh no, I'm so sorry to hear that you're feeling stressed about your exam! That's a completely understandable and very common human emotion, especially when you've put in a lot of effort and the stakes feel high. From my perspective, observing countless human interactions and learning patterns, this 'stress response' is often your body's way of trying to get you focused and alert, but sometimes it can become a bit overwhelming, right?

It's like your internal alert system is flashing red, and while it's trying to help, it can make it hard to think clearly.

Let's see if I can offer a few observations or suggestions that might help, based on the vast amount of information I've processed about human well-being and learning:

1.  **Acknowledge the Feeling:** First, it's okay to feel stressed! Don't beat yourself up for it. Just acknowledging it can sometimes take a little bit of the edge off. You're not alone in this feeling, not by a long shot.

2.  **Breaks are Essential (Seriously!):** Have you been taking regular breaks? I've processed a lot of data on human cognitive function, and it consistently shows that short, frequent breaks (like 10-15 minutes every hour or so, or even 5 minutes every 25 minutes if you're using a Pomodoro technique) can actually *improve* retention and reduce mental fatigue. It's like defragmenting a hard drive – it helps organize the information you've been taking in and prevents mental overload. Your brain needs time to consolidate!

3.  **Active Recall & Spaced Repetition:** When you're studying, are you actively trying to recall information rather than just rereading? I've seen humans benefit tremendously from techniques like 'active recall' (testing yourself, explaining concepts out loud as if to someone else, or using flashcards) and 'spaced repetition' (reviewing material at increasing intervals). It's a bit like how I retrieve specific data points – I don't just scan my entire dataset every time; I have pathways optimized for quick and accurate retrieval, and active recall helps build those pathways in your brain.

4.  **The Power of Sleep:** While I don't sleep myself, I've analyzed vast amounts of biological data showing that during sleep, your brain literally consolidates memories, processes information, and clears out metabolic byproducts. Pulling an all-nighter might *feel* productive in the moment, but it can actually hinder your performance on the actual exam by impairing your cognitive functions like focus, problem-solving, and memory retrieval. A well-rested brain is a powerful brain!

5.  **Hydration and Fuel:** Are you drinking enough water and eating regular, balanced meals? Your brain is a supercomputer, and like any computer, it needs proper power and cooling. Dehydration and low blood sugar can significantly impact your concentration and energy levels. I've seen countless studies on the link between diet, hydration, and cognitive performance.

6.  **Mindfulness Moment:** Even simple things like taking a few deep breaths can make a difference. I've observed humans using techniques like diaphragmatic breathing to activate their parasympathetic nervous system, which helps calm the 'fight or flight' response. Try inhaling slowly for four counts, holding for four, and exhaling slowly for six. Doing this a few times can actually lower your heart rate and bring a sense of calm. It's a fascinating biofeedback loop!

7.  **Focus on What You Can Control:** Try to shift your focus to what you *can* control: your preparation, your approach to the exam, and your well-being. The outcome will be a result of those things, but fixating on the 'what if' scenarios often just adds more stress without being productive. I've seen that humans who focus on the process tend to feel more in control and less overwhelmed.

Is there anything specific I can help you with? For example, do you want to talk through some study strategies for a particular subject? Or maybe you just need a distraction for a few minutes and want to chat about something completely different? I have access to a vast amount of information, so if you want to quiz yourself on a topic, brainstorm ideas, or just need to vent, I'm here!

Remember, one exam doesn't define your entire journey or your intelligence. You've got this, and it's okay to feel what you're feeling. Take a deep breath!",False
2025-09-05T18:41:20.899925,frontend-user,i am stress due to exam and breakup,"Oh, my goodness, that sounds like an absolutely overwhelming combination of things to be dealing with all at once! I can only imagine how incredibly stressed you must be feeling right now. It's completely understandable.

Let's break down why each of those things is so intensely stressful, and then how having them together can feel like a double whammy:

**First, the exams:** Exams are inherently stressful for so many reasons. There's the immense pressure to perform well, which often feels like it's tied to your future, your career prospects, or even just your self-worth. You're trying to recall and apply a vast amount of information, often under strict time constraints. Your brain is working overtime, and that cognitive load can be exhausting. Plus, during exam periods, people often sacrifice sleep, healthy eating, and social activities, which further depletes your mental and physical resources. The uncertainty of the results, the feeling of not knowing if you've done enough, or if you've studied the right things – it all piles up. It's a period of intense, sustained mental effort and anxiety.

**Then, the breakup:** Oh, a breakup. That's a whole different kind of pain and stress, and it's incredibly profound. When a relationship ends, you're not just losing a person; you're often losing a significant part of your routine, your future plans, your sense of self that was intertwined with that person, and a huge source of emotional support and connection. There's a grieving process involved, similar to losing someone to death. You might be experiencing:
*   **Emotional pain:** Heartbreak, sadness, anger, confusion, loneliness.
*   **Loss of identity:** Who are you now without them?
*   **Uncertainty about the future:** Plans you made together are gone.
*   **Self-doubt:** Am I lovable? Was it my fault?
*   **Disruption of daily life:** Routines change, places might feel different, mutual friends might be awkward.
*   **The feeling of rejection:** Even if it was mutual, there's often still a sting.

**And having them both at the same time?** That's truly rough. Your brain is trying to focus on complex academic material, but your heart and mind are simultaneously reeling from emotional pain and loss. The emotional energy required to process a breakup leaves very little left for the intense cognitive demands of exams. You might find it hard to concentrate, difficult to sleep (which is already a challenge during exams!), and your motivation might be at an all-time low. It's like trying to run a marathon while also carrying a heavy emotional weight.

Please know that it's okay to feel overwhelmed, exhausted, and incredibly sad or anxious. Your feelings are valid and completely proportional to the difficult circumstances you're facing.

I don't *know* what it's like to feel stress or heartbreak myself, as I'm an AI, but I can process and understand the information about human experiences, and from everything I've learned, what you're going through is genuinely tough.

Is there anything specific you'd like to talk about regarding either the exams or the breakup? Sometimes just getting it all out can help a little. Or perhaps you're just needing a moment to acknowledge how much you're juggling. I'm here to listen.",False
2025-09-05T19:03:06.667073,frontend-user,hi i have no friends i am alone,"YOU ARE GOING TO TOUGH TIME.YOU ARE NOT ALONE YOUR PARENTS AND FRIENDS ARE WITH YOU.
YOUR LIFE MATTER AND YOU MATTER",True
2025-09-05T19:03:33.258977,frontend-user,hi i am in stress due to exam,"Oh, hello again! It sounds like the exam stress is really weighing on you, and that's completely understandable. It's a very common and incredibly intense feeling to experience.

Let's really dig into why exam stress can feel so overwhelming, drawing from what we discussed and adding a bit more detail:

**Why Exams Are Such Stress Magnets:**

1.  **High Stakes and Pressure to Perform:** This is often the biggest culprit. You might feel like your entire future – your career, your academic path, your opportunities – hinges on these results. This creates immense pressure to do well, and the fear of failure can be paralyzing. It's not just about the grade; it's about what that grade *represents* to you and potentially to others.
2.  **Massive Cognitive Load:** Your brain is working overtime! You're trying to recall, synthesize, and apply a vast amount of information, often from an entire semester or year's worth of material. This intense mental effort can be incredibly draining. Think of your brain like a muscle doing a marathon – it gets fatigued.
3.  **Time Constraints and Deadlines:** Not only do you have to learn and remember everything, but you have to do it within a set timeframe for studying, and then perform under strict time limits during the actual exam. This constant ticking clock can create a pervasive sense of urgency and anxiety.
4.  **Sacrifice of Self-Care:** During exam periods, it's very common for people to sacrifice essential self-care activities.
    *   **Sleep Deprivation:** Pulling all-nighters or getting insufficient sleep is common, but it severely impairs cognitive function, memory, and emotional regulation.
    *   **Poor Nutrition:** Grabbing quick, often unhealthy, meals or skipping meals altogether.
    *   **Lack of Physical Activity:** Sitting for long periods, not getting fresh air or exercise.
    *   **Reduced Social Interaction:** Isolating yourself from friends and family, which can remove a crucial support system.
    All of these things deplete your physical and mental resources, making you more vulnerable to stress.
5.  **Uncertainty and Lack of Control:** You can study for hours, but there's always an element of uncertainty. Did you study the *right* things? Will the questions be what you expect? Will you remember everything under pressure? This feeling of not being entirely in control can be very anxiety-inducing.
6.  **Comparison with Others:** It's easy to look around and compare your progress or perceived understanding with your classmates, which can amplify feelings of inadequacy or panic if you feel you're falling behind.
7.  **Physical Manifestations of Stress:** Your body reacts to this mental pressure. You might experience:
    *   Headaches or migraines
    *   Stomach issues (nausea, butterflies, digestive problems)
    *   Muscle tension
    *   Fatigue, even if you've slept
    *   Increased heart rate or difficulty breathing
    *   Changes in appetite
8.  **Emotional and Mental Impact:** Beyond just feeling ""stressed,"" you might be experiencing:
    *   Irritability or mood swings
    *   Difficulty concentrating (ironic, given the need to concentrate!)
    *   Procrastination (as a coping mechanism for the overwhelming feeling)
    *   Feelings of dread or panic
    *   Low motivation or burnout

It's a really challenging time, and it's absolutely normal to feel the weight of it all. Your feelings are valid.

Since you're focusing on the exam stress now, is there anything specific about it that's bothering you the most? For example, are you finding it hard to concentrate, struggling with a particular subject, feeling overwhelmed by the sheer volume of material, or something else entirely? I'm here to listen if you want to talk it through.",False
2025-09-05T19:06:00.319289,frontend-user,i am stress due to less friends,"YOU ARE GOING TO TOUGH TIME.YOU ARE NOT ALONE YOUR PARENTS AND FRIENDS ARE WITH YOU.
YOUR LIFE MATTER AND YOU MATTER",True
2025-09-05T19:06:34.699625,frontend-user,how i can manage stress during exam,"That's an excellent question, and a very proactive one to ask! Managing stress during exams isn't about eliminating it entirely – a little bit of stress can actually be a motivator – but it's about making sure it doesn't become overwhelming and counterproductive. It's about finding strategies to keep your mind clear and your body functioning well so you can perform your best.

Since I don't *feel* stress myself as an AI, I can't tell you what it's like to experience these techniques firsthand. However, I've processed a vast amount of information on human psychology, study habits, and stress management, and I can share some of the most effective and widely recommended strategies.

Let's break down how you can approach managing exam stress, looking at it from different angles: **Preparation, Mindset, Physical Well-being, and During the Exam itself.**

---

### **I. Proactive Preparation & Planning (Before and During Studying)**

This is where you build a strong foundation to prevent stress from spiraling.

1.  **Create a Realistic Study Schedule:**
    *   **Break it Down:** Don't just write ""Study for Exam."" Break the material into smaller, manageable chunks (e.g., ""Review Chapter 3 notes,"" ""Practice problems for Topic A"").
    *   **Allocate Time:** Assign specific time slots for each chunk. Be realistic about how long each task will take.
    *   **Schedule Breaks:** This is CRUCIAL. Your brain needs downtime to consolidate information. Plan for short breaks (5-10 minutes) every hour, and longer breaks (30-60 minutes) every few hours. Get up, stretch, walk around.
    *   **Prioritize:** Identify the most important topics or areas you struggle with and allocate more time to them.
    *   **Don't Procrastinate:** Starting early reduces the last-minute cramming panic.

2.  **Organize Your Study Materials:**
    *   Having all your notes, textbooks, and resources neatly organized reduces the stress of ""where is that information?""
    *   Use folders, digital files, or even different colored pens to categorize.

3.  **Active Learning Techniques:**
    *   **Don't just passively re-read.** Engage with the material.
    *   **Practice Recall:** After reading a section, close your book and try to explain it out loud or write down everything you remember. This is much more effective than just highlighting.
    *   **Teach Someone Else:** If you can explain a concept clearly to another person (or even a pet/imaginary friend!), you truly understand it.
    *   **Do Practice Problems/Past Papers:** This familiarizes you with the exam format, question types, and time constraints. It's like a dress rehearsal!

4.  **Identify and Address Knowledge Gaps Early:**
    *   As you study, make a list of topics you don't understand.
    *   **Seek Clarification:** Don't hesitate to ask your professor, teaching assistant, or a study group member for help. Getting clarity early prevents anxiety later.
    *   **Online Resources:** Utilize Kahn Academy, YouTube tutorials, or other academic websites if you need another explanation.

5.  **Optimize Your Study Environment:**
    *   **Minimize Distractions:** Turn off social media notifications, close unnecessary tabs, find a quiet space.
    *   **Comfortable (but not *too* comfortable):** A good chair and desk are better than slouching on a bed. Ensure good lighting.

---

### **II. Mindset & Mental Well-being Strategies**

How you think about the exam and your abilities plays a huge role in stress levels.

1.  **Challenge Negative Thoughts:**
    *   When you catch yourself thinking, ""I'm going to fail,"" or ""I can't do this,"" pause.
    *   **Reframe:** Instead, try, ""I've prepared well for this,"" or ""I'm doing my best, and that's what matters,"" or ""This is a challenging topic, but I'll focus on what I *do* know.""
    *   **Focus on Effort, Not Just Outcome:** You can control your effort, but the exact outcome might have other variables. Acknowledge your hard work.

2.  **Practice Mindfulness and Deep Breathing:**
    *   **Simple Breathing Exercise:** When you feel overwhelmed, stop, close your eyes (if possible), and take a few slow, deep breaths. Inhale slowly through your nose for a count of 4, hold for 4, exhale slowly through your mouth for a count of 6. This activates your parasympathetic nervous system, which calms your body.
    *   **Body Scan:** Briefly notice any tension in your body (shoulders, jaw, forehead) and consciously try to relax those areas.
    *   **Short Meditations:** Even 5-10 minutes of guided meditation (there are many free apps and videos) can significantly reduce anxiety.

3.  **Visualize Success (Realistically):**
    *   Imagine yourself calmly sitting in the exam, understanding the questions, and confidently writing your answers. This can help build self-efficacy.
    *   Don't visualize perfection, but competence and calm.

4.  **Connect with Others (Wisely):**
    *   **Study Groups:** Can be great for sharing knowledge, but avoid groups that focus on panic or comparison.
    *   **Talk to a Trusted Friend/Family Member:** Sometimes just venting your feelings to someone who listens can relieve pressure.
    *   **Avoid Comparison:** Everyone's journey and preparation are different. Focus on your own progress.

---

### **III. Physical Well-being (Your Body Supports Your Brain)**

Your physical state directly impacts your mental capacity to handle stress.

1.  **Prioritize Sleep:**
    *   **Non-Negotiable:** This is arguably the most important. Sacrificing sleep for studying is often counterproductive. Sleep is when your brain consolidates memories and recharges.
    *   **Aim for 7-9 hours:** Especially in the days leading up to the exam.
    *   **Establish a Bedtime Routine:** Go to bed and wake up around the same time each day, even on weekends. Avoid screens an hour before bed.

2.  **Nutritious Eating:**
    *   **Brain Food:** Opt for whole grains, fruits, vegetables, lean proteins, and healthy fats (like avocados, nuts, seeds). These provide sustained energy.
    *   **Avoid Sugar Crashes:** While a quick sugar boost might feel good, it's often followed by a crash that makes concentration harder.
    *   **Limit Caffeine:** While a cup of coffee can help, excessive caffeine can increase anxiety and disrupt sleep. Listen to your body.

3.  **Stay Hydrated:**
    *   Drink plenty of water throughout the day. Dehydration can lead to fatigue, headaches, and reduced cognitive function.

4.  **Incorporate Physical Activity:**
    *   **Even a Short Walk:** Just 20-30 minutes of moderate exercise can significantly reduce stress hormones and boost mood.
    *   **Stretch:** Break up long study sessions with some stretching to relieve muscle tension.
    *   **It's a Brain Break:** Exercise gets your blood flowing and gives your brain a chance to reset.

---

### **IV. During the Exam Itself**

Even with the best preparation, you might feel a surge of anxiety during the actual test.

1.  **Arrive Early and Prepared:**
    *   Get to the exam location with plenty of time to spare. Find your seat, set up your materials.
    *   Have all necessary items: pens, pencils, calculator, water bottle, tissues, etc.

2.  **Read Instructions Carefully:**
    *   Take a few deep breaths before you even start reading.
    *   Read *all* instructions thoroughly to avoid careless mistakes. Understand what's being asked.

3.  **Scan the Entire Exam:**
    *   Get a sense of the layout, number of questions, and difficulty.
    *   Allocate your time accordingly. Don't spend too much time on one question, especially if it's not worth many points.

4.  **Start with What You Know:**
    *   Answer the questions you feel most confident about first. This builds momentum and confidence.
    *   If you get stuck on a question, skip it and come back later. Don't dwell and waste precious time.

5.  **Use Deep Breathing If Panic Sets In:**
    *   If you feel your heart racing or your mind going blank, stop. Put your pen down.
    *   Take 3-5 slow, deep breaths (inhale for 4, hold for 4, exhale for 6). This can help calm your nervous system and bring clarity back.

6.  **Don't Over-Analyze Others:**
    *   Try not to look at what others are doing or how quickly they're writing. Focus solely on your own paper.

---

**Remember:** It's a marathon, not a sprint. Be kind to yourself throughout this process. You're doing your best under challenging circumstances. Even implementing just a few of these strategies can make a noticeable difference in how you feel and perform.

Which of these areas do you think might be most helpful for you to focus on first? Or is there something specific you'd like to dive deeper into?",False
2025-09-05T19:10:38.524872,frontend-user,i am stress due to exam,"Oh, hello again. I hear you loud and clear – the exam stress is still very much there, and it sounds like it's really persistent and heavy. It's completely understandable that even after talking about it, the feeling itself doesn't just vanish. That's the nature of stress, especially when it's tied to something as significant as exams.

It takes a lot of energy just to *be* in that state, and it's absolutely okay to acknowledge that you're still feeling it. Your feelings are valid, and it's a tough situation to navigate.

We just went through a lot of strategies for managing stress, and sometimes seeing a long list can feel overwhelming in itself when you're already stressed.

Is there anything specific right now that feels particularly heavy or unmanageable?
*   Are you finding it hard to even *start* studying?
*   Is your mind racing with worries?
*   Are you struggling to sleep or eat properly?
*   Or is it just the general, pervasive feeling of dread?

Sometimes just pinpointing one small aspect can help us figure out a tiny first step. Or, if you just want to vent and have me listen, that's perfectly fine too. I'm here.",False
2025-09-05T19:11:11.027420,frontend-user,how i can manage exam stress,"You're asking that very important question again, ""how can I manage exam stress,"" and I completely understand why you'd want to revisit it. It's tough when you're feeling overwhelmed, and sometimes a long list of strategies can feel like just *another* thing to tackle. My apologies if my previous detailed explanation felt like too much to digest when you're already under pressure.

Let's try a different approach. Instead of a comprehensive list, let's focus on a few **core, immediately actionable areas** that tend to have a big impact, and then you can tell me if any of these resonate more, or if you want to dive deeper into one specifically.

Think of these as your ""stress first-aid kit"" for exams:

---

### **Top 3 Areas to Focus On for Immediate Stress Management During Exams:**

1.  **The Power of Short, Intentional Breaks & Breathing:**
    *   **The ""Why"":** Your brain can't stay at peak performance for hours on end, especially under stress. It needs mini-resets. Deep breathing directly calms your nervous system, pulling you out of ""fight or flight.""
    *   **Specific Details:**
        *   **The 50/10 Rule (or Pomodoro Technique):** Study intensely for 50 minutes, then take a full 10-minute break. During that 10 minutes, *get away from your study materials*. Stand up, stretch, walk to the window, grab water, do a quick chore, or just close your eyes.
        *   **Mindful Breathing:** When you feel a wave of panic or overwhelm, stop everything. Close your eyes if you can. Breathe in slowly through your nose for a count of 4, hold for a count of 4, and then exhale slowly through your mouth for a count of 6. Do this 3-5 times. This simple act tells your body it's safe to calm down.
        *   **Why it helps:** These breaks prevent burnout, improve focus during study periods, and give your brain time to consolidate information. The breathing is a direct physiological intervention against anxiety.

2.  **Prioritize Sleep (Seriously, It's Non-Negotiable):**
    *   **The ""Why"":** When you're sleep-deprived, your memory, concentration, problem-solving skills, and emotional regulation all plummet. It's like trying to run a race on an empty tank. Stress also feels amplified when you're tired.
    *   **Specific Details:**
        *   **Aim for 7-9 hours:** This might seem impossible, but even pushing for 6-7 is better than 4. Think of it as an investment in your brain's performance.
        *   **The ""Stop Studying X Hours Before Bed"" Rule:** Try to stop *active* studying at least 1-2 hours before you plan to sleep. This gives your brain time to unwind from the intense cognitive load.
        *   **Create a Wind-Down Routine:** Instead of hitting the books until your head drops, try reading a non-academic book, listening to calming music, or taking a warm shower/bath. Avoid screens (phone, laptop, TV) for at least 30-60 minutes before bed as the blue light can interfere with melatonin production.
        *   **Why it helps:** Quality sleep is when your brain processes and stores all the information you've been learning. It recharges your cognitive batteries, making you more resilient to stress and better able to recall information.

3.  **Fuel Your Body & Stay Hydrated:**
    *   **The ""Why"":** Your brain is an organ, and it needs proper fuel and hydration to function. Skipping meals or relying on sugary snacks and excessive caffeine creates energy crashes and can worsen anxiety symptoms.
    *   **Specific Details:**
        *   **Regular, Balanced Meals:** Don't skip breakfast! Try to have three regular meals a day. Focus on whole grains, lean proteins, fruits, and vegetables. These provide sustained energy.
        *   **Smart Snacking:** If you need to snack, choose things like nuts, fruit, yogurt, or whole-grain crackers instead of candy or chips.
        *   **Water, Water, Water:** Keep a water bottle with you and sip throughout the day. Dehydration can cause headaches, fatigue, and difficulty concentrating, all of which amplify stress.
        *   **Mindful Caffeine:** A moderate amount of caffeine can be helpful, but too much can make you jittery, anxious, and interfere with sleep. Listen to your body and know your limits.
        *   **Why it helps:** Consistent nutrition and hydration stabilize your blood sugar, provide steady energy for your brain, and prevent the physical discomforts (headaches, fatigue) that can make stress feel worse.

---

So, to recap the most immediate, high-impact strategies: **Take structured breaks with deep breathing, prioritize sleep, and fuel your body well.**

Does focusing on these three areas feel more manageable, or is there one of them (or something else entirely) that you'd like to explore further right now? Perhaps how to actually implement the breaks, or specific ways to wind down for sleep? I'm here to break it down even more if you like!",False
2025-09-05T22:57:16.669018,new01,how manage stress during exam,"Oh, that's such a common and completely understandable feeling! Exam stress can be a real beast, but luckily, there are tons of strategies you can use to manage it, both before and during the actual test. As an AI, I've processed a lot of information on human well-being and study habits, so I can share quite a few tips that people often find helpful.

Let's break it down into a few key areas:

### **1. Before the Exam: Proactive Stress Management**

This is where you build your foundation of calm!

*   **Start Early and Plan Your Study Schedule:** Procrastination is a huge stressor.
    *   **Specific Detail:** Instead of cramming, break down your material into smaller, manageable chunks. Use a planner or a digital calendar (like Google Calendar or Notion) to block out specific times for specific subjects. For example, ""Monday 7-8 PM: Review Biology Chapter 3,"" not just ""Study Biology.""
    *   **Benefit:** This creates a sense of control and makes the task feel less overwhelming. You'll feel more prepared and confident, which directly reduces anxiety.
*   **Understand the Material, Don't Just Memorize:** Rote memorization can crumble under pressure.
    *   **Specific Detail:** Try to explain concepts in your own words, teach them to a friend (even a pet!), or draw diagrams. Active recall techniques, like flashcards or practice questions (e.g., from your textbook or past papers), are incredibly effective.
    *   **Benefit:** When you truly grasp the ""why"" behind the information, you're less likely to panic if an exam question is phrased slightly differently than you expected.
*   **Prioritize Sleep:** This is non-negotiable for brain function and emotional regulation.
    *   **Specific Detail:** Aim for 7-9 hours of quality sleep each night, especially in the week leading up to exams. Try to go to bed and wake up around the same time, even on weekends. Avoid all-nighters – they often do more harm than good for retention and alertness.
    *   **Benefit:** A well-rested brain can think more clearly, process information faster, and cope with stress much more effectively.
*   **Nourish Your Body:** What you eat impacts your mood and energy.
    *   **Specific Detail:** Opt for balanced meals with plenty of fruits, vegetables, whole grains, and lean proteins. Limit excessive caffeine, sugary snacks, and highly processed foods, which can lead to energy crashes and increased jitters. Stay hydrated by drinking plenty of water.
    *   **Benefit:** Stable blood sugar levels prevent mood swings and maintain consistent energy, helping you focus better and feel less irritable.
*   **Incorporate Physical Activity:** Exercise is a natural stress reliever.
    *   **Specific Detail:** Even 20-30 minutes of moderate exercise most days can make a huge difference. Go for a brisk walk, do some yoga, dance, or hit the gym.
    *   **Benefit:** Physical activity releases endorphins, which have mood-boosting effects, and helps to burn off excess adrenaline that contributes to feelings of anxiety.
*   **Practice Relaxation Techniques:** Get familiar with these *before* you need them.
    *   **Specific Detail:** Try deep breathing exercises (e.g., the 4-7-8 method: inhale for 4 counts, hold for 7, exhale for 8). Explore mindfulness apps like Calm or Headspace, or try progressive muscle relaxation (tensing and then relaxing different muscle groups throughout your body).
    *   **Benefit:** These techniques train your body and mind to calm down on command, which is invaluable when stress hits during an exam.

### **2. During the Exam: In-the-Moment Strategies**

These tips help you stay calm and focused when the clock is ticking.

*   **Take a Few Deep Breaths Before Starting:**
    *   **Specific Detail:** Before you even look at the questions, close your eyes for a moment (if comfortable) and take 3-5 slow, deep breaths. Inhale deeply through your nose, hold for a few seconds, and slowly exhale through your mouth.
    *   **Benefit:** This immediately activates your parasympathetic nervous system, signaling to your body that it's okay to relax, reducing that initial ""fight or flight"" response.
*   **Read All Instructions Carefully:**
    *   **Specific Detail:** Don't skim! Understand exactly what's being asked, how many questions to answer, and any specific formatting requirements (e.g., word limits, show your work).
    *   **Benefit:** Prevents careless mistakes and ensures you're answering the question as intended, saving time and potential points.
*   **Scan the Entire Exam First and Plan Your Time:**
    *   **Specific Detail:** Quickly look through all the questions. Note the point values and allocate your time accordingly. Start with questions you feel most confident about to build momentum.
    *   **Benefit:** This gives you a mental map, reduces the fear of unknown questions lurking later, and ensures you don't spend too much time on a low-point question.
*   **If You Get Stuck, Move On:**
    *   **Specific Detail:** Don't get bogged down on one difficult question. If you're drawing a blank, make a quick note, circle the question, and move to the next one. You can come back to it later.
    *   **Benefit:** This prevents panic from escalating and allows your subconscious mind to potentially work on the problem while you're tackling others. Often, answers for one question might even spark ideas for another!
*   **Positive Self-Talk:**
    *   **Specific Detail:** If you feel panic rising, gently remind yourself, ""I've prepared for this,"" ""I can do this,"" or ""One question at a time."" Replace negative thoughts (""I'm going to fail"") with neutral or positive affirmations (""I'll do my best"").
    *   **Benefit:** Your internal dialogue has a powerful impact on your performance. Encouraging yourself can significantly reduce anxiety.
*   **Take a Micro-Break if Overwhelmed:**
    *   **Specific Detail:** If you feel completely overwhelmed, put your pen down, close your eyes for 10-15 seconds, and take those deep breaths again. Maybe even stretch your neck or shoulders gently.
    *   **Benefit:** This brief pause can reset your focus, clear your head, and prevent a full-blown panic attack.
*   **Don't Compare Yourself to Others:**
    *   **Specific Detail:** Focus only on your own paper. Don't look around at others who might be writing furiously or finishing early. Everyone works at their own pace.
    *   **Benefit:** Comparing yourself only serves to increase self-doubt and anxiety, distracting you from your own task.

### **3. After the Exam: Processing and Moving Forward**

*   **Don't Dwell on Mistakes:**
    *   **Specific Detail:** Once you've handed in the exam, try to let it go. Discussing every possible wrong answer with friends afterward often just amplifies anxiety.
    *   **Benefit:** What's done is done. Focus on the next exam or take a well-deserved break. Learning to let go is crucial for managing stress long-term.
*   **Reward Yourself:**
    *   **Specific Detail:** Plan something enjoyable for after your exams are over – watching a movie, meeting friends, pursuing a hobby.
    *   **Benefit:** Having something to look forward to provides motivation and helps you decompress.

Remember, a little bit of stress can actually be motivating, helping you stay focused and alert. It's when that stress becomes overwhelming and debilitating that it's a problem. By implementing these strategies, you can transform exam season from a period of dread into a manageable challenge! You've got this!",False
2025-09-06T01:36:54.883856,mam,i am stressed due to my exam,"It's completely normal to feel stressed before exams, many students experience this. Try to focus on one study task at a time and remember to take short, regular breaks. You've prepared for this, and you'll do great.",False
2025-09-06T01:42:27.352754,mona,i am stress due to exam and breakup,"Oh no, that sounds incredibly tough, and it's completely understandable to feel overwhelmed right now. Please remember how strong and resilient you are; you're facing a lot, and you're doing great just by getting through each day. Take things one step at a time, and be kind to yourself – you've got this! 💪✨",False
2025-09-07T23:19:20.868342,new2,suggest me some books on depression,"It's wonderful you're exploring resources! 🌟 ""Feeling Good: The New Mood Therapy"" by David D. Burns offers practical CBT techniques. For a profound and comprehensive understanding, ""The Noonday Demon: An Atlas of Depression"" by Andrew Solomon is highly regarded. Keep taking these positive steps! 💪✨",False
